{"@module": "pymatgen.core.structure", "@class": "Structure", "charge": null, "lattice": {"matrix": [[2.571964229070601, 0.0, 1.4849242400000002], [0.8573214096902004, 2.424871129793404, 1.4849242400000002], [0.0, 0.0, 2.96984848]], "a": 2.9698484799999996, "b": 2.96984848, "c": 2.96984848, "alpha": 59.99999999999999, "beta": 59.999999999999986, "gamma": 59.99999999999999, "volume": 18.521999981598675}, "sites": [{"species": [{"element": "Li", "oxidation_state": 1, "occu": 0.3333333333333333}, {"element": "Mn", "oxidation_state": 3.0, "occu": 0.3333333333333333}, {"element": "Ti", "oxidation_state": 4.0, "occu": 0.3333333333333333}], "abc": [0.0, 0.0, 0.0], "xyz": [0.0, 0.0, 0.0], "label": "Li+:0.333, Ti4+:0.333, Mn3+:0.333", "properties": {}}, {"species": [{"element": "O", "oxidation_state": -2.0, "occu": 1.0}], "abc": [0.5, 0.5, 0.5], "xyz": [1.7146428193804009, 1.212435564896702, 2.9698484800000005], "label": "O2-", "properties": {}}], "@version": null}
